time_hours,flux
0.0,1.000498
0.025,1.000118
0.0501,1.000591
0.0751,1.001117
0.1001,1.000064
0.1252,1.000065
0.1502,1.001154
0.1752,1.000669
0.2003,0.999927
0.2253,1.000536
0.2503,0.999933
0.2753,0.999933
0.3004,1.000359
0.3254,0.999067
0.3504,0.999181
0.3755,0.999879
0.4005,0.99961
0.4255,1.000408
0.4506,0.999675
0.4756,0.999374
0.5006,1.001102
0.5257,1.000088
0.5507,1.000265
0.5757,0.99937
0.6008,0.9999
0.6258,1.000294
0.6508,0.999538
0.6758,1.000455
0.7009,0.99987
0.7259,1.000056
0.7509,0.999871
0.776,1.001344
0.801,1.000226
0.826,0.9996
0.8511,1.000729
0.8761,0.999504
0.9011,1.000363
0.9262,0.999063
0.9512,0.999443
0.9762,1.000359
1.0013,1.000684
1.0263,1.000345
1.0513,1.000174
1.0763,1.000063
1.1014,0.999358
1.1264,0.999814
1.1514,0.99997
1.1765,1.000882
1.2015,1.000455
1.2265,0.999191
1.2516,1.000444
1.2766,1.00002
1.3016,0.999845
1.3267,1.000619
1.3517,1.000872
1.3767,1.000813
1.4018,0.999751
1.4268,1.00007
1.4518,1.000455
1.4768,1.000842
1.5019,0.99997
1.5269,1.000147
1.5519,0.999596
1.577,0.999542
1.602,1.000748
1.627,1.001075
1.6521,1.000219
1.6771,1.000865
1.7021,1.000481
1.7272,0.999877
1.7522,1.000482
1.7772,1.001189
1.8023,1.000245
1.8273,1.001206
1.8523,0.998696
1.8773,1.000761
1.9024,1.000321
1.9274,1.00009
1.9524,1.000325
1.9775,0.999078
2.0025,1.00014
2.0275,1.000486
2.0526,1.001159
2.0776,0.999962
2.1026,0.999789
2.1277,0.999973
2.1527,1.000824
2.1777,1.000473
2.2028,0.999958
2.2278,1.000585
2.2528,1.000335
2.2778,1.000859
2.3029,0.999857
2.3279,1.000082
2.3529,1.000044
2.378,0.999402
2.403,1.000458
2.428,1.000437
2.4531,1.000284
2.4781,1.000141
2.5031,0.999433
2.5282,1.00003
2.5532,1.000078
2.5782,0.999802
2.6033,1.000187
2.6283,1.000527
2.6533,1.001417
2.6783,1.00039
2.7034,1.00044
2.7284,1.000242
2.7534,0.999135
2.7785,1.000271
2.8035,1.000324
2.8285,1.001766
2.8536,1.000173
2.8786,1.00047
2.9036,1.000268
2.9287,0.999588
2.9537,1.000975
2.9787,1.000741
3.0038,1.000765
3.0288,0.999745
3.0538,1.001133
3.0788,0.99945
3.1039,1.000644
3.1289,1.001606
3.1539,0.999698
3.179,0.999953
3.204,1.000353
3.229,0.999991
3.2541,0.999363
3.2791,1.000335
3.3041,0.999657
3.3292,1.000578
3.3542,0.999743
3.3792,1.001225
3.4043,0.999825
3.4293,1.000102
3.4543,1.000784
3.4793,0.999557
3.5044,1.000432
3.5294,1.00108
3.5544,0.999332
3.5795,1.000407
3.6045,1.000453
3.6295,1.000766
3.6546,0.999555
3.6796,0.999505
3.7046,1.000611
3.7297,1.000476
3.7547,1.000448
3.7797,1.000506
3.8048,0.99989
3.8298,1.000438
3.8548,1.000474
3.8798,0.99987
3.9049,1.001418
3.9299,1.000583
3.9549,0.999584
3.98,1.000693
4.005,0.999714
4.03,1.000771
4.0551,1.000994
4.0801,0.999807
4.1051,1.000877
4.1302,1.000547
4.1552,1.000793
4.1802,1.001438
4.2053,1.000152
4.2303,0.999848
4.2553,0.999766
4.2804,0.99981
4.3054,1.000254
4.3304,1.000505
4.3554,1.000466
4.3805,1.000796
4.4055,1.000308
4.4305,1.001172
4.4556,1.000141
4.4806,1.001932
4.5056,1.000675
4.5307,0.999786
4.5557,0.999657
4.5807,1.000589
4.6058,1.000166
4.6308,1.000728
4.6558,1.000584
4.6809,1.000256
4.7059,0.999792
4.7309,0.999391
4.7559,1.000032
4.781,1.000813
4.806,1.000428
4.831,0.999552
4.8561,1.000403
4.8811,1.00053
4.9061,0.999769
4.9312,1.000391
4.9562,1.000334
4.9812,0.999613
5.0063,1.000513
5.0313,1.000635
5.0563,1.000948
5.0814,1.000931
5.1064,0.999472
5.1314,0.999736
5.1564,1.000607
5.1815,1.000606
5.2065,1.000607
5.2315,1.002609
5.2566,1.00064
5.2816,1.000979
5.3066,1.00087
5.3317,1.000688
5.3567,1.000108
5.3817,1.000752
5.4068,0.999833
5.4318,1.000154
5.4568,1.000005
5.4819,1.000345
5.5069,1.001685
5.5319,0.999175
5.5569,1.000707
5.582,0.999328
5.607,1.000012
5.632,1.000948
5.6571,1.000333
5.6821,0.999648
5.7071,0.999865
5.7322,1.000702
5.7572,0.999855
5.7822,1.000423
5.8073,1.000321
5.8323,0.999902
5.8573,1.001579
5.8824,1.000673
5.9074,0.999077
5.9324,1.000404
5.9574,0.999895
5.9825,1.000803
6.0075,0.999816
6.0325,1.000222
6.0576,1.000594
6.0826,1.00081
6.1076,0.99957
6.1327,1.000089
6.1577,1.000005
6.1827,0.999897
6.2078,1.001348
6.2328,1.000532
6.2578,0.999532
6.2829,1.000839
6.3079,1.001561
6.3329,1.000907
6.3579,0.999376
6.383,0.999996
6.408,1.001047
6.433,0.999862
6.4581,1.000552
6.4831,1.00075
6.5081,0.999729
6.5332,1.000249
6.5582,0.99834
6.5832,0.99967
6.6083,1.000132
6.6333,0.999535
6.6583,1.001263
6.6834,0.999425
6.7084,1.000019
6.7334,1.000361
6.7584,1.001147
6.7835,0.99942
6.8085,1.000979
6.8335,1.000287
6.8586,0.999692
6.8836,1.000557
6.9086,1.000399
6.9337,0.999919
6.9587,1.000321
6.9837,1.000047
7.0088,1.000346
7.0338,1.000675
7.0588,1.001229
7.0839,0.999534
7.1089,1.001557
7.1339,0.999105
7.1589,1.000185
7.184,1.000629
7.209,1.000444
7.234,0.999901
7.2591,1.00015
7.2841,0.999978
7.3091,0.99992
7.3342,1.000783
7.3592,1.000487
7.3842,0.999857
7.4093,1.000812
7.4343,1.000456
7.4593,1.000759
7.4844,1.000649
7.5094,0.999773
7.5344,0.999934
7.5594,1.000718
7.5845,1.000635
7.6095,1.000256
7.6345,1.000339
7.6596,1.001035
7.6846,0.999913
7.7096,1.000595
7.7347,1.000145
7.7597,1.000136
7.7847,1.000925
7.8098,1.000761
7.8348,1.000753
7.8598,1.001048
7.8849,1.000277
7.9099,1.000673
7.9349,1.000077
7.9599,1.000457
7.985,1.000184
8.01,1.00032
8.035,1.000619
8.0601,0.99977
8.0851,1.001516
8.1101,0.999657
8.1352,0.999531
8.1602,1.000954
8.1852,1.000734
8.2103,1.000633
8.2353,1.000635
8.2603,1.00025
8.2854,0.999719
8.3104,1.000302
8.3354,0.99985
8.3605,1.000841
8.3855,1.000167
8.4105,0.99976
8.4355,1.000062
8.4606,1.000502
8.4856,0.999916
8.5106,0.99976
8.5357,1.000399
8.5607,1.0004
8.5857,0.999948
8.6108,0.999969
8.6358,1.000391
8.6608,0.999382
8.6859,0.999406
8.7109,0.999819
8.7359,1.000122
8.761,1.000436
8.786,1.001134
8.811,1.000763
8.836,1.000152
8.8611,1.000236
8.8861,0.999645
8.9111,1.000235
8.9362,1.000073
8.9612,1.000439
8.9862,0.999749
9.0113,1.000556
9.0363,1.001164
9.0613,1.000179
9.0864,1.000485
9.1114,1.000657
9.1364,1.000002
9.1615,1.000377
9.1865,1.000249
9.2115,1.0003
9.2365,0.999777
9.2616,1.000255
9.2866,1.000539
9.3116,1.00111
9.3367,1.000815
9.3617,1.001531
9.3867,0.999778
9.4118,1.000761
9.4368,1.000348
9.4618,1.001551
9.4869,0.999752
9.5119,0.999733
9.5369,0.999876
9.562,0.998961
9.587,0.99992
9.612,0.999779
9.637,1.000325
9.6621,1.000439
9.6871,1.001359
9.7121,1.000803
9.7372,0.999887
9.7622,0.999693
9.7872,1.000527
9.8123,0.999439
9.8373,1.00133
9.8623,1.000938
9.8874,0.999949
9.9124,0.999202
9.9374,1.001042
9.9625,1.000161
9.9875,1.000972
10.0125,0.999272
10.0375,0.999868
10.0626,1.000231
10.0876,1.000256
10.1126,0.999872
10.1377,1.000346
10.1627,0.999163
10.1877,0.999549
10.2128,0.999538
10.2378,0.999605
10.2628,0.999555
10.2879,0.998284
10.3129,0.997869
10.3379,0.999387
10.363,0.998651
10.388,0.997834
10.413,0.999045
10.438,0.998014
10.4631,0.998483
10.4881,0.997647
10.5131,0.998674
10.5382,0.998322
10.5632,0.996951
10.5882,0.997603
10.6133,0.997407
10.6383,0.997841
10.6633,0.99644
10.6884,0.99743
10.7134,0.997654
10.7384,0.995963
10.7635,0.996308
10.7885,0.995794
10.8135,0.996856
10.8385,0.997447
10.8636,0.997918
10.8886,0.997061
10.9136,0.997993
10.9387,0.996188
10.9637,0.995993
10.9887,0.996982
11.0138,0.997245
11.0388,0.996995
11.0638,0.995774
11.0889,0.99696
11.1139,0.996231
11.1389,0.997415
11.164,0.997233
11.189,0.996449
11.214,0.996704
11.239,0.996377
11.2641,0.996974
11.2891,0.997585
11.3141,0.99642
11.3392,0.997314
11.3642,0.996693
11.3892,0.996535
11.4143,0.996946
11.4393,0.996389
11.4643,0.996678
11.4894,0.996291
11.5144,0.998188
11.5394,0.99703
11.5645,0.996589
11.5895,0.997137
11.6145,0.996941
11.6395,0.996876
11.6646,0.997376
11.6896,0.997462
11.7146,0.996689
11.7397,0.996662
11.7647,0.996842
11.7897,0.995626
11.8148,0.996098
11.8398,0.997827
11.8648,0.997993
11.8899,0.996857
11.9149,0.997352
11.9399,0.997192
11.965,0.998853
11.99,0.997677
12.015,0.996928
12.0401,0.996432
12.0651,0.996041
12.0901,0.997127
12.1151,0.996551
12.1402,0.996151
12.1652,0.996616
12.1902,0.996355
12.2153,0.998016
12.2403,0.997533
12.2653,0.996999
12.2904,0.997891
12.3154,0.99705
12.3404,0.996486
12.3655,0.997917
12.3905,0.997326
12.4155,0.99638
12.4406,0.996888
12.4656,0.996477
12.4906,0.996172
12.5156,0.997558
12.5407,0.998148
12.5657,0.996163
12.5907,0.997339
12.6158,0.996611
12.6408,0.996709
12.6658,0.996646
12.6909,0.996483
12.7159,0.99703
12.7409,0.996503
12.766,0.997163
12.791,0.996971
12.816,0.996858
12.8411,0.996456
12.8661,0.996655
12.8911,0.997454
12.9161,0.997301
12.9412,0.996414
12.9662,0.99706
12.9912,0.997451
13.0163,0.995999
13.0413,0.997326
13.0663,0.996603
13.0914,0.997343
13.1164,0.996542
13.1414,0.995917
13.1665,0.996024
13.1915,0.997029
13.2165,0.997156
13.2416,0.996457
13.2666,0.997383
13.2916,0.996003
13.3166,0.99696
13.3417,0.996273
13.3667,0.996609
13.3917,0.997028
13.4168,0.996484
13.4418,0.996882
13.4668,0.997886
13.4919,0.997104
13.5169,0.998121
13.5419,0.99711
13.567,0.998274
13.592,0.99899
13.617,0.996811
13.6421,0.997984
13.6671,0.998977
13.6921,0.998678
13.7171,0.999191
13.7422,0.998775
13.7672,0.999358
13.7922,0.999381
13.8173,1.000344
13.8423,0.999965
13.8673,1.000183
13.8924,0.999902
13.9174,0.999908
13.9424,0.999941
13.9675,1.000438
13.9925,0.999948
14.0175,1.000375
14.0426,1.001446
14.0676,1.000724
14.0926,1.000006
14.1176,1.000922
14.1427,0.999957
14.1677,0.998979
14.1927,0.999597
14.2178,0.999079
14.2428,0.999991
14.2678,1.000213
14.2929,1.001208
14.3179,1.000399
14.3429,1.000071
14.368,1.0007
14.393,0.998876
14.418,1.000344
14.4431,1.000666
14.4681,0.999316
14.4931,1.00089
14.5181,1.000407
14.5432,0.999955
14.5682,1.000584
14.5932,1.001566
14.6183,1.000313
14.6433,1.000353
14.6683,0.999929
14.6934,0.999695
14.7184,1.000703
14.7434,0.999691
14.7685,1.000248
14.7935,0.999919
14.8185,1.000493
14.8436,1.000406
14.8686,1.000829
14.8936,0.9999
14.9186,1.000044
14.9437,0.999619
14.9687,0.99994
14.9937,1.000433
15.0188,1.000661
15.0438,0.999654
15.0688,1.000729
15.0939,1.001021
15.1189,1.000456
15.1439,1.001334
15.169,0.999744
15.194,0.999462
15.219,0.999142
15.2441,1.001107
15.2691,1.000602
15.2941,1.000176
15.3191,1.000378
15.3442,0.999535
15.3692,1.001678
15.3942,1.000288
15.4193,1.000277
15.4443,1.000647
15.4693,1.0005
15.4944,1.000346
15.5194,0.999738
15.5444,1.000495
15.5695,1.001342
15.5945,1.00102
15.6195,1.001169
15.6446,0.999907
15.6696,0.99962
15.6946,1.000139
15.7196,1.000248
15.7447,1.000871
15.7697,0.9992
15.7947,1.001133
15.8198,1.000121
15.8448,0.99996
15.8698,0.999609
15.8949,0.999224
15.9199,1.000711
15.9449,1.000261
15.97,0.999444
15.995,0.999441
16.02,1.000017
16.0451,1.00122
16.0701,1.000063
16.0951,0.999317
16.1202,1.000072
16.1452,1.000056
16.1702,0.998602
16.1952,1.000188
16.2203,1.000082
16.2453,1.000639
16.2703,1.001331
16.2954,1.000898
16.3204,1.000061
16.3454,0.999559
16.3705,1.001767
16.3955,1.000259
16.4205,1.000232
16.4456,1.00021
16.4706,1.000343
16.4956,1.000138
16.5207,0.999881
16.5457,0.999897
16.5707,1.000206
16.5957,0.9999
16.6208,0.999799
16.6458,1.000291
16.6708,1.000074
16.6959,1.00113
16.7209,0.998637
16.7459,1.000883
16.771,1.000976
16.796,0.998985
16.821,1.000024
16.8461,1.000007
16.8711,0.999386
16.8961,0.999764
16.9212,0.999565
16.9462,1.001283
16.9712,1.000793
16.9962,1.000995
17.0213,1.000666
17.0463,0.999556
17.0713,0.999919
17.0964,1.000528
17.1214,0.999501
17.1464,1.000663
17.1715,1.000091
17.1965,1.000011
17.2215,1.000663
17.2466,1.000503
17.2716,1.00002
17.2966,1.000933
17.3217,0.999589
17.3467,1.000608
17.3717,1.000594
17.3967,1.000053
17.4218,1.000435
17.4468,0.999489
17.4718,1.000795
17.4969,1.00013
17.5219,0.999927
17.5469,1.000871
17.572,0.999819
17.597,0.999397
17.622,0.999309
17.6471,1.000607
17.6721,0.999475
17.6971,1.001297
17.7222,0.998995
17.7472,1.001263
17.7722,1.000372
17.7972,1.000188
17.8223,0.999919
17.8473,1.000486
17.8723,1.000224
17.8974,1.000909
17.9224,1.000316
17.9474,1.000338
17.9725,1.000031
17.9975,1.000215
18.0225,1.000434
18.0476,0.999224
18.0726,0.999442
18.0976,1.000697
18.1227,1.000354
18.1477,1.000141
18.1727,1.000263
18.1977,1.000461
18.2228,0.999929
18.2478,0.999786
18.2728,1.000371
18.2979,0.999667
18.3229,1.0005
18.3479,0.999234
18.373,1.000873
18.398,1.00054
18.423,1.00041
18.4481,1.000847
18.4731,1.001257
18.4981,1.000866
18.5232,0.999154
18.5482,0.999491
18.5732,0.999884
18.5982,1.000275
18.6233,1.000571
18.6483,0.999825
18.6733,1.000373
18.6984,0.999808
18.7234,0.999895
18.7484,0.999418
18.7735,0.999709
18.7985,0.999452
18.8235,0.999678
18.8486,1.000896
18.8736,0.999695
18.8986,1.001844
18.9237,1.000561
18.9487,1.000376
18.9737,0.999751
18.9987,1.000686
19.0238,0.999921
19.0488,1.00034
19.0738,1.001804
19.0989,1.00021
19.1239,1.000958
19.1489,0.999847
19.174,1.000248
19.199,1.001332
19.224,0.999894
19.2491,1.001358
19.2741,1.000695
19.2991,0.999934
19.3242,1.000651
19.3492,1.000856
19.3742,1.000646
19.3992,0.999331
19.4243,0.999837
19.4493,1.000125
19.4743,1.000229
19.4994,1.000647
19.5244,1.000381
19.5494,0.999474
19.5745,1.000504
19.5995,1.000642
19.6245,1.000612
19.6496,1.000925
19.6746,1.000777
19.6996,1.000553
19.7247,1.000236
19.7497,0.999282
19.7747,1.000536
19.7997,1.000404
19.8248,1.000442
19.8498,0.999514
19.8748,0.999631
19.8999,1.000912
19.9249,1.000257
19.9499,1.00069
19.975,1.000299
20.0,1.0003
20.025,1.000845
20.0501,0.999973
20.0751,1.000341
20.1001,1.000006
20.1252,1.000023
20.1502,1.000098
20.1752,1.000418
20.2003,0.999997
20.2253,1.001038
20.2503,0.999748
20.2753,1.000173
20.3004,1.000022
20.3254,1.001154
20.3504,1.000404
20.3755,1.000906
20.4005,0.999396
20.4255,1.000448
20.4506,1.000822
20.4756,1.000337
20.5006,1.000928
20.5257,0.999978
20.5507,1.001135
20.5757,1.001669
20.6008,1.000072
20.6258,1.000023
20.6508,1.001162
20.6758,1.001238
20.7009,0.999977
20.7259,1.000039
20.7509,1.000122
20.776,0.999485
20.801,0.999741
20.826,0.999689
20.8511,0.999832
20.8761,1.000272
20.9011,1.000433
20.9262,1.001223
20.9512,0.999694
20.9762,1.000884
21.0013,1.000165
21.0263,1.000264
21.0513,1.000699
21.0763,0.999621
21.1014,1.000524
21.1264,1.000395
21.1514,1.00059
21.1765,1.000469
21.2015,1.001769
21.2265,0.999913
21.2516,0.999977
21.2766,0.999922
21.3016,0.999963
21.3267,0.999914
21.3517,1.00101
21.3767,1.001149
21.4018,0.999954
21.4268,0.999798
21.4518,1.00058
21.4768,0.999966
21.5019,1.000677
21.5269,1.000419
21.5519,0.999388
21.577,1.001226
21.602,1.001376
21.627,0.999931
21.6521,1.000066
21.6771,1.00047
21.7021,1.000499
21.7272,1.000694
21.7522,1.001505
21.7772,1.000193
21.8023,0.99982
21.8273,0.999472
21.8523,0.999861
21.8773,1.000279
21.9024,1.001376
21.9274,0.999989
21.9524,1.000434
21.9775,1.00029
22.0025,1.001013
22.0275,1.001816
22.0526,0.999981
22.0776,1.000006
22.1026,1.000926
22.1277,1.000709
22.1527,1.001408
22.1777,1.00065
22.2028,1.000084
22.2278,1.000654
22.2528,1.000965
22.2778,1.000792
22.3029,1.000604
22.3279,1.00094
22.3529,1.001002
22.378,1.001129
22.403,1.000689
22.428,1.0002
22.4531,1.000388
22.4781,1.001024
22.5031,0.99981
22.5282,1.000521
22.5532,1.000064
22.5782,1.000317
22.6033,1.001067
22.6283,1.000414
22.6533,1.000327
22.6783,0.999483
22.7034,1.000747
22.7284,1.000687
22.7534,1.001597
22.7785,1.000114
22.8035,1.00043
22.8285,1.000448
22.8536,1.001245
22.8786,1.000241
22.9036,1.000466
22.9287,1.000663
22.9537,1.00041
22.9787,1.00003
23.0038,1.000414
23.0288,1.000942
23.0538,0.999682
23.0788,1.000377
23.1039,0.999877
23.1289,1.001014
23.1539,0.999383
23.179,0.999961
23.204,1.000523
23.229,1.001236
23.2541,1.000257
23.2791,0.999963
23.3041,1.001424
23.3292,0.999427
23.3542,0.998976
23.3792,1.000559
23.4043,0.999993
23.4293,0.999682
23.4543,1.000719
23.4793,1.00044
23.5044,0.999955
23.5294,0.999525
23.5544,1.000816
23.5795,1.000683
23.6045,1.000233
23.6295,1.0014
23.6546,0.99965
23.6796,0.999376
23.7046,0.999876
23.7297,1.000263
23.7547,1.000436
23.7797,1.000145
23.8048,1.000501
23.8298,0.999538
23.8548,1.001155
23.8798,1.000239
23.9049,1.000959
23.9299,1.000494
23.9549,1.000562
23.98,1.000629
24.005,1.000555
24.03,1.000672
24.0551,1.001083
24.0801,1.000403
24.1051,1.00071
24.1302,1.000231
24.1552,1.001148
24.1802,0.999878
24.2053,1.001364
24.2303,1.000259
24.2553,0.999424
24.2804,1.000359
24.3054,0.999873
24.3304,1.000785
24.3554,0.999889
24.3805,1.000012
24.4055,0.999146
24.4305,1.000007
24.4556,0.998824
24.4806,0.999327
24.5056,1.000734
24.5307,1.000748
24.5557,1.000531
24.5807,0.999695
24.6058,1.000246
24.6308,1.000272
24.6558,0.999579
24.6809,1.001175
24.7059,1.000799
24.7309,1.00014
24.7559,1.000288
24.781,1.000396
24.806,0.999045
24.831,1.000121
24.8561,0.99986
24.8811,0.999667
24.9061,1.000099
24.9312,1.001346
24.9562,1.000651
24.9812,0.999923
25.0063,1.000609
25.0313,1.001104
25.0563,1.000818
25.0814,1.000299
25.1064,0.999874
25.1314,1.000681
25.1564,1.000497
25.1815,1.000797
25.2065,1.00064
25.2315,1.000888
25.2566,0.999937
25.2816,1.001048
25.3066,1.000375
25.3317,1.001501
25.3567,0.999841
25.3817,1.001296
25.4068,1.000372
25.4318,0.999862
25.4568,0.999961
25.4819,1.000059
25.5069,1.000505
25.5319,1.000563
25.5569,0.999904
25.582,1.000233
25.607,1.001532
25.632,1.001282
25.6571,1.000507
25.6821,1.000267
25.7071,1.000315
25.7322,1.00061
25.7572,0.999628
25.7822,1.000086
25.8073,0.999239
25.8323,1.000478
25.8573,1.000626
25.8824,0.999947
25.9074,1.00118
25.9324,0.9995
25.9574,0.999355
25.9825,1.000368
26.0075,1.00086
26.0325,1.001242
26.0576,0.999955
26.0826,1.000876
26.1076,1.000205
26.1327,1.000124
26.1577,1.000756
26.1827,1.000617
26.2078,0.999278
26.2328,1.001109
26.2578,1.00105
26.2829,0.999846
26.3079,1.000458
26.3329,1.000515
26.3579,1.000374
26.383,0.999887
26.408,0.999813
26.433,1.000199
26.4581,1.000917
26.4831,1.000539
26.5081,0.999989
26.5332,1.000673
26.5582,0.9985
26.5832,1.000897
26.6083,0.999163
26.6333,0.999988
26.6583,0.999533
26.6834,0.999427
26.7084,1.000899
26.7334,0.999921
26.7584,1.000408
26.7835,1.000171
26.8085,1.000484
26.8335,1.000243
26.8586,0.999426
26.8836,1.000792
26.9086,0.999897
26.9337,0.999258
26.9587,0.999934
26.9837,1.00109
27.0088,1.000698
27.0338,0.999978
27.0588,0.999976
27.0839,0.999991
27.1089,1.001429
27.1339,1.000411
27.1589,1.000438
27.184,1.000797
27.209,1.000321
27.234,1.000021
27.2591,1.000057
27.2841,1.000131
27.3091,1.00015
27.3342,1.000608
27.3592,1.000201
27.3842,1.000608
27.4093,1.000119
27.4343,1.000213
27.4593,0.998966
27.4844,1.000713
27.5094,1.00037
27.5344,1.000759
27.5594,0.998421
27.5845,1.001411
27.6095,1.000072
27.6345,1.00082
27.6596,0.999529
27.6846,1.00052
27.7096,0.999518
27.7347,0.999775
27.7597,1.001296
27.7847,1.000032
27.8098,1.000275
27.8348,1.000665
27.8598,1.000439
27.8849,1.000231
27.9099,1.000358
27.9349,1.001579
27.9599,1.000101
27.985,1.000255
28.01,1.000763
28.035,1.000795
28.0601,1.000842
28.0851,1.000512
28.1101,0.999441
28.1352,1.001105
28.1602,0.999436
28.1852,1.000304
28.2103,0.999668
28.2353,1.000081
28.2603,1.000315
28.2854,1.000309
28.3104,1.000368
28.3354,1.001081
28.3605,1.000383
28.3855,0.999963
28.4105,1.000687
28.4355,1.00082
28.4606,0.999368
28.4856,1.000462
28.5106,1.000522
28.5357,0.999922
28.5607,1.000924
28.5857,1.000007
28.6108,1.000171
28.6358,0.99999
28.6608,1.000101
28.6859,0.999432
28.7109,0.999225
28.7359,1.001044
28.761,0.999577
28.786,0.999489
28.811,0.99879
28.836,0.999697
28.8611,0.999285
28.8861,1.001062
28.9111,1.000681
28.9362,0.99966
28.9612,1.001423
28.9862,1.000659
29.0113,0.999873
29.0363,0.998567
29.0613,1.001439
29.0864,0.999229
29.1114,0.999074
29.1364,1.000673
29.1615,1.001522
29.1865,1.000887
29.2115,1.000393
29.2365,1.000409
29.2616,1.000563
29.2866,1.000504
29.3116,1.000216
29.3367,1.000108
29.3617,1.000006
29.3867,0.999589
29.4118,0.999872
29.4368,0.999022
29.4618,0.999977
29.4869,0.999441
29.5119,0.999371
29.5369,1.000139
29.562,1.000864
29.587,1.000578
29.612,0.999083
29.637,0.99943
29.6621,1.000586
29.6871,0.99943
29.7121,0.999883
29.7372,1.000346
29.7622,0.999433
29.7872,1.000076
29.8123,0.99921
29.8373,0.999648
29.8623,1.000199
29.8874,0.999049
29.9124,1.000267
29.9374,0.999989
29.9625,1.000331
29.9875,1.000132
30.0125,1.000814
30.0375,1.000069
30.0626,0.999734
30.0876,1.000063
30.1126,1.000314
30.1377,1.000015
30.1627,1.000008
30.1877,0.999561
30.2128,0.999582
30.2378,0.999137
30.2628,1.001026
30.2879,0.999228
30.3129,0.999557
30.3379,0.999539
30.363,1.000505
30.388,0.999789
30.413,1.000713
30.438,0.999558
30.4631,1.000128
30.4881,0.999457
30.5131,1.001244
30.5382,0.999242
30.5632,1.000139
30.5882,1.000331
30.6133,1.000197
30.6383,0.999836
30.6633,0.999867
30.6884,0.999969
30.7134,0.999853
30.7384,1.000517
30.7635,1.001263
30.7885,0.9996
30.8135,0.999111
30.8385,0.999878
30.8636,1.001477
30.8886,0.999445
30.9136,1.000908
30.9387,1.000929
30.9637,0.999589
30.9887,1.00026
31.0138,1.000894
31.0388,0.999687
31.0638,0.999791
31.0889,0.999562
31.1139,0.9993
31.1389,0.999517
31.164,0.99917
31.189,0.999923
31.214,0.999439
31.239,1.000039
31.2641,0.998963
31.2891,1.000093
31.3141,1.000392
31.3392,0.998694
31.3642,1.000113
31.3892,1.000623
31.4143,0.999158
31.4393,1.000886
31.4643,1.000131
31.4894,0.999455
31.5144,0.999842
31.5394,1.000209
31.5645,0.999917
31.5895,1.000193
31.6145,0.999315
31.6395,0.999967
31.6646,0.999015
31.6896,0.999795
31.7146,0.999317
31.7397,0.999416
31.7647,1.000597
31.7897,1.000508
31.8148,1.000217
31.8398,0.999194
31.8648,0.999657
31.8899,1.000573
31.9149,0.999928
31.9399,1.001233
31.965,1.000075
31.99,0.999952
32.015,0.999649
32.0401,0.999913
32.0651,0.999739
32.0901,1.000253
32.1151,1.0004
32.1402,0.999353
32.1652,0.999024
32.1902,0.998718
32.2153,1.000123
32.2403,0.999154
32.2653,0.998522
32.2904,1.000045
32.3154,1.001306
32.3404,0.999804
32.3655,1.000309
32.3905,0.999853
32.4155,0.999742
32.4406,1.000351
32.4656,0.999623
32.4906,0.999956
32.5156,0.999986
32.5407,0.99939
32.5657,1.000384
32.5907,0.999682
32.6158,0.999332
32.6408,1.000105
32.6658,0.999242
32.6909,0.999796
32.7159,0.999771
32.7409,1.000426
32.766,1.000058
32.791,0.999756
32.816,1.000259
32.8411,1.000601
32.8661,1.000099
32.8911,0.999769
32.9161,0.998973
32.9412,0.999119
32.9662,0.999573
32.9912,0.999389
33.0163,0.99964
33.0413,0.999784
33.0663,1.000066
33.0914,0.999704
33.1164,1.000036
33.1414,0.999781
33.1665,0.998555
33.1915,0.999174
33.2165,0.99965
33.2416,0.999008
33.2666,1.000092
33.2916,1.000648
33.3166,1.000459
33.3417,0.999598
33.3667,1.000618
33.3917,0.999811
33.4168,0.999518
33.4418,0.99935
33.4668,0.999534
33.4919,0.999481
33.5169,0.999814
33.5419,0.999806
33.567,0.99971
33.592,0.999968
33.617,1.000418
33.6421,1.000272
33.6671,0.998809
33.6921,0.998166
33.7171,1.000256
33.7422,0.998874
33.7672,0.999557
33.7922,0.998988
33.8173,0.998607
33.8423,1.000011
33.8673,1.00014
33.8924,0.999336
33.9174,0.998126
33.9424,0.99935
33.9675,0.999911
33.9925,0.998787
34.0175,0.999782
34.0426,0.999661
34.0676,1.000016
34.0926,0.999738
34.1176,0.998962
34.1427,1.000093
34.1677,0.99911
34.1927,0.999018
34.2178,0.998304
34.2428,0.998427
34.2678,0.997992
34.2929,0.998248
34.3179,0.999208
34.3429,0.997188
34.368,0.996872
34.393,0.998553
34.418,0.997374
34.4431,0.996927
34.4681,0.997782
34.4931,0.996624
34.5181,0.997913
34.5432,0.997054
34.5682,0.996184
34.5932,0.997723
34.6183,0.996064
34.6433,0.99687
34.6683,0.996603
34.6934,0.997203
34.7184,0.997357
34.7434,0.996437
34.7685,0.995964
34.7935,0.99669
34.8185,0.996006
34.8436,0.997619
34.8686,0.996491
34.8936,0.996188
34.9186,0.996516
34.9437,0.995595
34.9687,0.995819
34.9937,0.99712
35.0188,0.996004
35.0438,0.995768
35.0688,0.996717
35.0939,0.997104
35.1189,0.996822
35.1439,0.996987
35.169,0.995934
35.194,0.995533
35.219,0.997285
35.2441,0.996189
35.2691,0.99623
35.2941,0.997176
35.3191,0.996711
35.3442,0.996649
35.3692,0.997673
35.3942,0.995986
35.4193,0.996927
35.4443,0.996403
35.4693,0.996528
35.4944,0.997283
35.5194,0.996669
35.5444,0.996685
35.5695,0.997004
35.5945,0.99614
35.6195,0.995854
35.6446,0.995729
35.6696,0.995174
35.6946,0.997586
35.7196,0.995689
35.7447,0.996217
35.7697,0.996182
35.7947,0.996531
35.8198,0.996834
35.8448,0.996859
35.8698,0.995992
35.8949,0.99624
35.9199,0.996508
35.9449,0.996188
35.97,0.9973
35.995,0.996628
36.02,0.996773
36.0451,0.996729
36.0701,0.997033
36.0951,0.996436
36.1202,0.995548
36.1452,0.996565
36.1702,0.995933
36.1952,0.996005
36.2203,0.996672
36.2453,0.997062
36.2703,0.99633
36.2954,0.996501
36.3204,0.997336
36.3454,0.996458
36.3705,0.997873
36.3955,0.99665
36.4205,0.995253
36.4456,0.99676
36.4706,0.996535
36.4956,0.997079
36.5207,0.996707
36.5457,0.996219
36.5707,0.995566
36.5957,0.996174
36.6208,0.995788
36.6458,0.995948
36.6708,0.996649
36.6959,0.997296
36.7209,0.99653
36.7459,0.995574
36.771,0.996557
36.796,0.997007
36.821,0.995922
36.8461,0.996206
36.8711,0.996294
36.8961,0.995813
36.9212,0.996672
36.9462,0.996209
36.9712,0.996532
36.9962,0.995746
37.0213,0.996015
37.0463,0.99671
37.0713,0.996052
37.0964,0.99731
37.1214,0.996033
37.1464,0.996407
37.1715,0.99683
37.1965,0.995419
37.2215,0.995212
37.2466,0.995352
37.2716,0.997024
37.2966,0.995934
37.3217,0.997799
37.3467,0.995924
37.3717,0.996372
37.3967,0.997186
37.4218,0.997463
37.4468,0.997642
37.4718,0.997298
37.4969,0.997355
37.5219,0.997264
37.5469,0.997543
37.572,0.996913
37.597,0.99692
37.622,0.997577
37.6471,0.997644
37.6721,0.997642
37.6971,0.998499
37.7222,0.998822
37.7472,0.99847
37.7722,0.999471
37.7972,0.998067
37.8223,0.998804
37.8473,0.998658
37.8723,0.998136
37.8974,0.999374
37.9224,0.999367
37.9474,1.000347
37.9725,0.999817
37.9975,0.998823
38.0225,1.000549
38.0476,1.000168
38.0726,0.999784
38.0976,0.999298
38.1227,0.998858
38.1477,0.999209
38.1727,1.000085
38.1977,1.000562
38.2228,1.000356
38.2478,0.999136
38.2728,0.998757
38.2979,0.999512
38.3229,0.998366
38.3479,0.99962
38.373,0.999337
38.398,0.999145
38.423,0.998467
38.4481,0.999732
38.4731,0.999103
38.4981,0.99872
38.5232,0.997698
38.5482,0.999404
38.5732,1.000483
38.5982,1.000416
38.6233,0.999145
38.6483,0.999057
38.6733,0.999699
38.6984,0.998818
38.7234,0.999598
38.7484,0.999876
38.7735,1.000152
38.7985,0.999355
38.8235,0.999292
38.8486,0.998887
38.8736,0.998917
38.8986,0.999277
38.9237,0.999633
38.9487,0.99996
38.9737,0.998929
38.9987,1.000306
39.0238,0.999248
39.0488,0.999397
39.0738,0.998961
39.0989,0.997954
39.1239,0.999939
39.1489,0.99985
39.174,0.999239
39.199,0.999447
39.224,0.999716
39.2491,0.998469
39.2741,0.999089
39.2991,0.999882
39.3242,0.998653
39.3492,0.999581
39.3742,0.998591
39.3992,0.999684
39.4243,0.999383
39.4493,0.998435
39.4743,1.000103
39.4994,0.998963
39.5244,0.998917
39.5494,0.999523
39.5745,1.000092
39.5995,0.998793
39.6245,0.999439
39.6496,0.999659
39.6746,0.999818
39.6996,0.999507
39.7247,0.999181
39.7497,0.998905
39.7747,0.999453
39.7997,0.998758
39.8248,0.997648
39.8498,0.999663
39.8748,0.999943
39.8999,0.997983
39.9249,0.998795
39.9499,0.999772
39.975,1.000635
40.0,0.999413
40.025,0.998963
40.0501,0.99929
40.0751,1.000225
40.1001,0.999012
40.1252,0.99892
40.1502,0.99911
40.1752,0.998828
40.2003,0.999474
40.2253,1.000375
40.2503,0.999594
40.2753,0.999249
40.3004,0.999225
40.3254,0.998462
40.3504,0.99993
40.3755,0.999354
40.4005,0.999292
40.4255,1.001317
40.4506,0.99958
40.4756,0.99895
40.5006,0.999145
40.5257,1.00009
40.5507,0.999469
40.5757,0.998539
40.6008,0.999953
40.6258,0.999001
40.6508,1.000526
40.6758,1.00005
40.7009,0.999134
40.7259,1.000171
40.7509,0.999444
40.776,0.999915
40.801,0.999694
40.826,0.998896
40.8511,0.999018
40.8761,1.000022
40.9011,0.999204
40.9262,0.999163
40.9512,0.998832
40.9762,0.99966
41.0013,1.000644
41.0263,0.998766
41.0513,0.999421
41.0763,1.000255
41.1014,0.99936
41.1264,0.999679
41.1514,0.998771
41.1765,0.999666
41.2015,0.999297
41.2265,1.000001
41.2516,1.000123
41.2766,1.000964
41.3016,0.999759
41.3267,0.999607
41.3517,0.999529
41.3767,0.999201
41.4018,0.999616
41.4268,0.999236
41.4518,0.999515
41.4768,1.000205
41.5019,0.998811
41.5269,1.0001
41.5519,1.000207
41.577,0.999346
41.602,0.998144
41.627,0.999053
41.6521,1.000197
41.6771,0.999406
41.7021,0.99882
41.7272,0.999118
41.7522,0.999926
41.7772,0.99975
41.8023,0.999279
41.8273,0.999203
41.8523,0.999189
41.8773,0.998871
41.9024,1.000395
41.9274,0.999233
41.9524,1.000157
41.9775,1.00034
42.0025,1.000027
42.0275,0.99917
42.0526,0.999672
42.0776,0.999416
42.1026,0.998889
42.1277,0.999627
42.1527,0.998726
42.1777,1.000146
42.2028,0.999156
42.2278,0.999556
42.2528,0.999606
42.2778,0.999282
42.3029,0.99979
42.3279,0.999154
42.3529,0.999963
42.378,0.998633
42.403,0.999517
42.428,1.000606
42.4531,0.998843
42.4781,0.999038
42.5031,0.999754
42.5282,0.999554
42.5532,0.999658
42.5782,0.999742
42.6033,0.99983
42.6283,1.000116
42.6533,0.999697
42.6783,0.999307
42.7034,0.999857
42.7284,1.000594
42.7534,0.999376
42.7785,0.998871
42.8035,1.000121
42.8285,0.999386
42.8536,0.998156
42.8786,0.999969
42.9036,0.99914
42.9287,0.999408
42.9537,0.999663
42.9787,0.999579
43.0038,0.999892
43.0288,0.999206
43.0538,0.999776
43.0788,0.999314
43.1039,0.999914
43.1289,0.999841
43.1539,0.998912
43.179,1.000126
43.204,0.999154
43.229,0.999961
43.2541,0.999698
43.2791,1.000582
43.3041,0.999346
43.3292,0.999272
43.3542,0.999471
43.3792,0.999302
43.4043,0.999965
43.4293,0.998516
43.4543,0.998855
43.4793,0.998848
43.5044,1.00006
43.5294,1.000518
43.5544,0.99943
43.5795,0.999393
43.6045,0.999537
43.6295,1.000194
43.6546,0.998941
43.6796,0.999642
43.7046,1.000086
43.7297,0.999803
43.7547,0.999617
43.7797,1.000105
43.8048,0.997884
43.8298,0.999914
43.8548,0.999116
43.8798,0.998412
43.9049,0.999818
43.9299,1.000337
43.9549,0.999432
43.98,1.000088
44.005,1.000485
44.03,1.000308
44.0551,1.000504
44.0801,0.999967
44.1051,0.999568
44.1302,0.998563
44.1552,0.999378
44.1802,0.999022
44.2053,1.000832
44.2303,0.999425
44.2553,0.999606
44.2804,0.999865
44.3054,0.999561
44.3304,1.000554
44.3554,0.999165
44.3805,0.999657
44.4055,0.999096
44.4305,0.998751
44.4556,0.999177
44.4806,0.999524
44.5056,0.99929
44.5307,0.999134
44.5557,0.998707
44.5807,0.999502
44.6058,0.998651
44.6308,1.000012
44.6558,0.999607
44.6809,0.998684
44.7059,0.999375
44.7309,0.999111
44.7559,0.999755
44.781,1.00037
44.806,0.998442
44.831,0.999638
44.8561,0.999474
44.8811,0.999975
44.9061,0.999702
44.9312,0.999124
44.9562,0.999386
44.9812,0.999101
45.0063,1.000226
45.0313,0.999595
45.0563,1.000725
45.0814,0.999549
45.1064,0.999162
45.1314,0.998681
45.1564,0.998509
45.1815,0.998642
45.2065,0.999755
45.2315,0.999901
45.2566,0.998649
45.2816,1.000137
45.3066,0.999311
45.3317,0.999691
45.3567,1.000572
45.3817,1.000145
45.4068,0.999447
45.4318,0.999076
45.4568,0.998321
45.4819,0.999182
45.5069,0.999489
45.5319,0.999025
45.5569,0.999541
45.582,0.999667
45.607,0.999488
45.632,0.999235
45.6571,0.999728
45.6821,0.999894
45.7071,0.998976
45.7322,1.000479
45.7572,0.999575
45.7822,0.999647
45.8073,1.000063
45.8323,0.99978
45.8573,1.000213
45.8824,0.999816
45.9074,0.999278
45.9324,0.999864
45.9574,0.998963
45.9825,0.999716
46.0075,0.999633
46.0325,0.99953
46.0576,0.99958
46.0826,0.998529
46.1076,0.999331
46.1327,0.999718
46.1577,0.99976
46.1827,0.99905
46.2078,1.000428
46.2328,0.99915
46.2578,1.000254
46.2829,0.99993
46.3079,0.999288
46.3329,1.000743
46.3579,0.998964
46.383,1.000233
46.408,1.000284
46.433,0.999283
46.4581,1.000523
46.4831,0.99954
46.5081,0.999865
46.5332,0.99985
46.5582,0.999615
46.5832,1.000184
46.6083,1.000176
46.6333,0.998652
46.6583,1.000486
46.6834,0.998708
46.7084,1.000327
46.7334,1.000385
46.7584,0.999057
46.7835,0.999467
46.8085,0.999052
46.8335,0.999588
46.8586,0.999535
46.8836,1.000189
46.9086,1.00051
46.9337,1.000563
46.9587,0.99939
46.9837,0.999604
47.0088,0.998721
47.0338,0.99925
47.0588,1.000315
47.0839,1.000707
47.1089,0.998999
47.1339,0.999386
47.1589,0.999728
47.184,0.999914
47.209,0.999262
47.234,1.000004
47.2591,0.999468
47.2841,0.999745
47.3091,1.000084
47.3342,0.999762
47.3592,0.999498
47.3842,0.999696
47.4093,0.999711
47.4343,0.999544
47.4593,0.999613
47.4844,1.000729
47.5094,1.000109
47.5344,0.999597
47.5594,1.000195
47.5845,0.999578
47.6095,1.000484
47.6345,1.000004
47.6596,0.99972
47.6846,1.000055
47.7096,0.998846
47.7347,0.999115
47.7597,0.999077
47.7847,0.999881
47.8098,1.000837
47.8348,1.001138
47.8598,1.000184
47.8849,1.000104
47.9099,0.998725
47.9349,0.999482
47.9599,0.999337
47.985,0.999439
48.01,0.999713
48.035,0.999532
48.0601,0.99863
48.0851,1.000269
48.1101,0.999178
48.1352,0.999968
48.1602,1.00107
48.1852,0.999276
48.2103,0.998312
48.2353,0.999661
48.2603,1.000495
48.2854,1.001011
48.3104,0.999101
48.3354,1.000139
48.3605,0.999563
48.3855,0.999781
48.4105,1.001433
48.4355,0.998947
48.4606,1.000003
48.4856,1.000134
48.5106,1.000506
48.5357,0.999916
48.5607,1.000044
48.5857,0.999626
48.6108,1.000025
48.6358,0.999659
48.6608,1.00024
48.6859,0.999648
48.7109,1.000098
48.7359,0.999856
48.761,1.000551
48.786,0.999847
48.811,0.998816
48.836,1.000639
48.8611,0.99934
48.8861,0.999494
48.9111,0.99953
48.9362,1.000715
48.9612,0.998611
48.9862,1.001777
49.0113,1.00053
49.0363,1.000032
49.0613,0.999867
49.0864,1.000073
49.1114,1.000217
49.1364,1.000293
49.1615,1.000242
49.1865,0.999964
49.2115,0.999794
49.2365,0.999824
49.2616,0.999799
49.2866,1.000599
49.3116,1.000277
49.3367,0.998158
49.3617,1.000318
49.3867,1.000043
49.4118,0.999917
49.4368,0.999697
49.4618,1.000607
49.4869,1.000503
49.5119,0.999473
49.5369,1.000183
49.562,0.999357
49.587,0.999115
49.612,0.999568
49.637,1.000464
49.6621,1.00052
49.6871,1.000258
49.7121,1.000387
49.7372,1.000264
49.7622,0.999571
49.7872,1.000217
49.8123,1.00044
49.8373,1.000415
49.8623,1.000677
49.8874,1.000391
49.9124,1.000179
49.9374,1.000612
49.9625,0.999956
49.9875,0.999445
50.0125,0.999878
50.0375,0.999531
50.0626,0.999575
50.0876,0.999895
50.1126,0.999508
50.1377,0.999801
50.1627,0.998851
50.1877,1.000117
50.2128,0.999992
50.2378,0.999503
50.2628,1.000391
50.2879,1.000559
50.3129,0.999034
50.3379,0.999543
50.363,0.999541
50.388,0.999441
50.413,1.000504
50.438,0.999892
50.4631,0.999851
50.4881,0.99881
50.5131,1.000395
50.5382,0.999272
50.5632,1.000054
50.5882,1.000186
50.6133,1.000838
50.6383,0.999238
50.6633,0.998213
50.6884,1.000137
50.7134,1.001109
50.7384,1.000774
50.7635,1.000158
50.7885,0.999739
50.8135,1.00052
50.8385,0.999454
50.8636,1.000325
50.8886,1.000345
50.9136,1.000679
50.9387,1.001701
50.9637,1.000282
50.9887,0.999743
51.0138,1.000035
51.0388,0.998991
51.0638,0.999637
51.0889,0.99981
51.1139,0.999743
51.1389,1.000151
51.164,0.999567
51.189,1.000735
51.214,1.000065
51.239,1.000061
51.2641,0.999871
51.2891,1.000163
51.3141,1.000566
51.3392,0.999553
51.3642,0.99968
51.3892,0.999894
51.4143,0.999271
51.4393,0.999588
51.4643,0.999796
51.4894,1.000608
51.5144,1.000242
51.5394,1.000203
51.5645,1.000599
51.5895,1.000007
51.6145,1.000326
51.6395,1.000031
51.6646,1.000254
51.6896,0.999747
51.7146,0.998635
51.7397,1.000019
51.7647,1.000955
51.7897,1.000659
51.8148,1.000684
51.8398,1.000848
51.8648,1.000161
51.8899,1.000228
51.9149,0.99974
51.9399,0.999923
51.965,1.000484
51.99,1.000838
52.015,1.000034
52.0401,0.999849
52.0651,1.000121
52.0901,1.000483
52.1151,0.999257
52.1402,0.998747
52.1652,0.999796
52.1902,0.999396
52.2153,0.999825
52.2403,1.000043
52.2653,0.999861
52.2904,1.001006
52.3154,1.000332
52.3404,1.000317
52.3655,1.000512
52.3905,0.999457
52.4155,1.000765
52.4406,1.000098
52.4656,1.000547
52.4906,0.999503
52.5156,0.999215
52.5407,1.00064
52.5657,1.000376
52.5907,0.99961
52.6158,0.999631
52.6408,1.00083
52.6658,0.999442
52.6909,1.001143
52.7159,0.999618
52.7409,1.000543
52.766,0.999964
52.791,1.000525
52.816,0.999838
52.8411,1.000068
52.8661,1.000192
52.8911,0.999567
52.9161,1.000614
52.9412,0.999863
52.9662,1.000035
52.9912,0.999577
53.0163,0.998638
53.0413,1.000062
53.0663,1.001625
53.0914,1.00065
53.1164,1.000169
53.1414,1.000024
53.1665,1.000196
53.1915,1.000512
53.2165,0.999477
53.2416,1.000855
53.2666,1.000617
53.2916,1.00062
53.3166,1.000453
53.3417,1.000203
53.3667,1.000596
53.3917,1.000549
53.4168,0.999983
53.4418,0.999852
53.4668,1.000259
53.4919,1.001128
53.5169,0.999456
53.5419,0.999321
53.567,1.000301
53.592,1.000234
53.617,1.000309
53.6421,1.000352
53.6671,1.000073
53.6921,1.001102
53.7171,0.999249
53.7422,0.999713
53.7672,1.000149
53.7922,0.999226
53.8173,1.000108
53.8423,1.001211
53.8673,1.000228
53.8924,1.000355
53.9174,0.999462
53.9424,0.999849
53.9675,0.999995
53.9925,1.00003
54.0175,1.000991
54.0426,1.000558
54.0676,0.999557
54.0926,1.000373
54.1176,1.000525
54.1427,1.000911
54.1677,1.001176
54.1927,0.99962
54.2178,0.999744
54.2428,0.999476
54.2678,1.000092
54.2929,1.000513
54.3179,1.000826
54.3429,1.000189
54.368,1.000044
54.393,1.000328
54.418,0.999737
54.4431,1.001492
54.4681,0.999275
54.4931,1.000351
54.5181,1.001455
54.5432,1.000246
54.5682,1.000129
54.5932,1.000029
54.6183,1.000137
54.6433,1.001069
54.6683,0.998919
54.6934,1.001167
54.7184,0.999394
54.7434,1.000089
54.7685,0.999992
54.7935,1.000604
54.8185,0.999293
54.8436,1.00053
54.8686,1.001468
54.8936,0.999436
54.9186,1.000369
54.9437,0.999858
54.9687,1.000512
54.9937,1.000268
55.0188,0.999873
55.0438,1.000551
55.0688,1.001342
55.0939,1.000145
55.1189,1.000693
55.1439,0.999485
55.169,0.999688
55.194,1.000546
55.219,1.001154
55.2441,1.000478
55.2691,1.000077
55.2941,1.000265
55.3191,0.999516
55.3442,1.00063
55.3692,1.000797
55.3942,0.999997
55.4193,0.999987
55.4443,1.000429
55.4693,1.000008
55.4944,1.000231
55.5194,1.001531
55.5444,1.000124
55.5695,1.000058
55.5945,0.999885
55.6195,1.00072
55.6446,1.000166
55.6696,0.999885
55.6946,1.001068
55.7196,1.001128
55.7447,0.999916
55.7697,0.999157
55.7947,1.000882
55.8198,0.999867
55.8448,1.000753
55.8698,0.999097
55.8949,1.000815
55.9199,0.999554
55.9449,1.000719
55.97,1.00029
55.995,0.999709
56.02,1.000038
56.0451,1.000695
56.0701,1.000347
56.0951,1.000634
56.1202,1.00147
56.1452,0.999346
56.1702,1.001255
56.1952,1.000348
56.2203,0.999747
56.2453,0.999488
56.2703,1.000173
56.2954,1.00084
56.3204,1.000211
56.3454,1.001195
56.3705,0.999418
56.3955,1.000281
56.4205,0.999538
56.4456,1.000508
56.4706,1.000822
56.4956,1.000038
56.5207,0.998728
56.5457,1.00041
56.5707,1.000553
56.5957,1.000534
56.6208,1.001033
56.6458,0.999649
56.6708,1.0007
56.6959,1.001008
56.7209,0.999226
56.7459,1.000485
56.771,0.999991
56.796,1.000245
56.821,1.000503
56.8461,1.000002
56.8711,0.999889
56.8961,1.000315
56.9212,0.999643
56.9462,0.999644
56.9712,1.000703
56.9962,0.999606
57.0213,1.000696
57.0463,1.000574
57.0713,0.999261
57.0964,0.99989
57.1214,1.001013
57.1464,0.999708
57.1715,1.000019
57.1965,1.000575
57.2215,1.000768
57.2466,1.000147
57.2716,0.999939
57.2966,1.001151
57.3217,1.001341
57.3467,1.000886
57.3717,1.00035
57.3967,0.999814
57.4218,0.9998
57.4468,1.000612
57.4718,1.00055
57.4969,1.00114
57.5219,1.000689
57.5469,0.999397
57.572,1.00093
57.597,0.999701
57.622,1.000069
57.6471,1.00045
57.6721,1.001497
57.6971,1.002166
57.7222,1.000664
57.7472,1.00019
57.7722,1.000621
57.7972,1.000832
57.8223,1.000107
57.8473,1.001377
57.8723,1.000438
57.8974,1.000599
57.9224,1.0007
57.9474,1.000553
57.9725,1.000803
57.9975,0.99993
58.0225,0.999965
58.0476,0.99964
58.0726,1.000564
58.0976,1.000767
58.1227,1.000422
58.1477,1.000983
58.1727,0.999807
58.1977,1.000043
58.2228,0.998818
58.2478,0.999072
58.2728,0.999553
58.2979,0.999476
58.3229,0.998621
58.3479,0.998586
58.373,0.99755
58.398,0.998078
58.423,0.998657
58.4481,0.998299
58.4731,0.998086
58.4981,0.997647
58.5232,0.997452
58.5482,0.996883
58.5732,0.99753
58.5982,0.997351
58.6233,0.997394
58.6483,0.996783
58.6733,0.995806
58.6984,0.997756
58.7234,0.996811
58.7484,0.99658
58.7735,0.997514
58.7985,0.996862
58.8235,0.997733
58.8486,0.997467
58.8736,0.997507
58.8986,0.996277
58.9237,0.997824
58.9487,0.997253
58.9737,0.996875
58.9987,0.997182
59.0238,0.99603
59.0488,0.997341
59.0738,0.996478
59.0989,0.996284
59.1239,0.996182
59.1489,0.997762
59.174,0.996717
59.199,0.998015
59.224,0.996773
59.2491,0.99607
59.2741,0.996424
59.2991,0.997835
59.3242,0.997
59.3492,0.996764
59.3742,0.997189
59.3992,0.997394
59.4243,0.997763
59.4493,0.997961
59.4743,0.996876
59.4994,0.996296
59.5244,0.996843
59.5494,0.997247
59.5745,0.996512
59.5995,0.996516
59.6245,0.997296
59.6496,0.997061
59.6746,0.997109
59.6996,0.996634
59.7247,0.996951
59.7497,0.996534
59.7747,0.997623
59.7997,0.997709
59.8248,0.99598
59.8498,0.99653
59.8748,0.996189
59.8999,0.996697
59.9249,0.997037
59.9499,0.996216
59.975,0.996533
60.0,0.996483
60.025,0.99721
60.0501,0.997127
60.0751,0.996652
60.1001,0.99719
60.1252,0.996756
60.1502,0.996921
60.1752,0.998087
60.2003,0.997887
60.2253,0.996303
60.2503,0.99758
60.2753,0.997569
60.3004,0.996393
60.3254,0.997572
60.3504,0.998004
60.3755,0.996407
60.4005,0.99653
60.4255,0.99769
60.4506,0.997242
60.4756,0.99741
60.5006,0.997283
60.5257,0.997313
60.5507,0.996282
60.5757,0.997706
60.6008,0.997779
60.6258,0.996939
60.6508,0.99705
60.6758,0.996157
60.7009,0.997384
60.7259,0.997419
60.7509,0.997038
60.776,0.997749
60.801,0.996874
60.826,0.997412
60.8511,0.996462
60.8761,0.997059
60.9011,0.996968
60.9262,0.997207
60.9512,0.99685
60.9762,0.996992
61.0013,0.997567
61.0263,0.996808
61.0513,0.996106
61.0763,0.998119
61.1014,0.997898
61.1264,0.996294
61.1514,0.997482
61.1765,0.996766
61.2015,0.997226
61.2265,0.997244
61.2516,0.996926
61.2766,0.996596
61.3016,0.996652
61.3267,0.996516
61.3517,0.996566
61.3767,0.997024
61.4018,0.996635
61.4268,0.997485
61.4518,0.998136
61.4768,0.997064
61.5019,0.997724
61.5269,0.998049
61.5519,0.9982
61.577,0.998131
61.602,0.998699
61.627,0.998711
61.6521,0.997847
61.6771,0.999279
61.7021,0.999459
61.7272,0.998636
61.7522,0.999285
61.7772,0.999841
61.8023,0.999473
61.8273,1.000411
61.8523,1.001354
61.8773,0.999632
61.9024,0.999427
61.9274,1.000438
61.9524,1.000688
61.9775,1.000116
62.0025,1.001126
62.0275,0.99945
62.0526,1.000669
62.0776,0.999889
62.1026,1.001284
62.1277,1.001447
62.1527,0.999791
62.1777,0.999921
62.2028,1.000766
62.2278,1.000018
62.2528,1.000222
62.2778,1.000264
62.3029,0.999097
62.3279,1.00024
62.3529,0.999834
62.378,0.999952
62.403,1.001113
62.428,0.999493
62.4531,1.000734
62.4781,1.000078
62.5031,1.000077
62.5282,1.000719
62.5532,1.000449
62.5782,1.000586
62.6033,1.000825
62.6283,1.000044
62.6533,0.999875
62.6783,0.999591
62.7034,0.999747
62.7284,1.002011
62.7534,1.000988
62.7785,0.99943
62.8035,0.999447
62.8285,1.000529
62.8536,1.000568
62.8786,1.000568
62.9036,1.000086
62.9287,1.000163
62.9537,1.000434
62.9787,1.000289
63.0038,0.998905
63.0288,1.000099
63.0538,0.999725
63.0788,1.000341
63.1039,1.002026
63.1289,1.000455
63.1539,1.000046
63.179,1.000787
63.204,1.000523
63.229,1.000485
63.2541,1.000597
63.2791,1.001466
63.3041,0.999554
63.3292,1.000516
63.3542,0.999675
63.3792,1.000564
63.4043,0.999679
63.4293,0.99998
63.4543,1.000053
63.4793,1.000815
63.5044,1.00078
63.5294,0.999481
63.5544,1.000261
63.5795,0.999802
63.6045,0.999472
63.6295,1.000097
63.6546,1.000042
63.6796,1.001682
63.7046,1.000486
63.7297,0.999399
63.7547,0.999886
63.7797,1.000838
63.8048,1.001477
63.8298,0.999272
63.8548,0.999096
63.8798,1.001346
63.9049,1.000457
63.9299,0.999702
63.9549,1.000543
63.98,0.99864
64.005,1.000224
64.03,1.000418
64.0551,1.000775
64.0801,0.999612
64.1051,1.000272
64.1302,0.999665
64.1552,1.000373
64.1802,0.999682
64.2053,0.999974
64.2303,0.999621
64.2553,1.000609
64.2804,1.000733
64.3054,1.000077
64.3304,1.00024
64.3554,0.999348
64.3805,1.000037
64.4055,1.000186
64.4305,1.001788
64.4556,0.999549
64.4806,1.001094
64.5056,1.000813
64.5307,1.000383
64.5557,1.00127
64.5807,1.000437
64.6058,1.000447
64.6308,1.000182
64.6558,1.000947
64.6809,1.000871
64.7059,0.999837
64.7309,0.999421
64.7559,1.00009
64.781,0.999732
64.806,1.000174
64.831,1.000954
64.8561,0.999937
64.8811,1.000185
64.9061,1.000245
64.9312,1.000719
64.9562,0.998862
64.9812,0.999846
65.0063,1.000336
65.0313,1.000929
65.0563,0.999914
65.0814,0.999083
65.1064,1.00058
65.1314,0.999827
65.1564,0.999494
65.1815,0.999833
65.2065,1.000097
65.2315,0.999845
65.2566,0.998884
65.2816,1.000745
65.3066,1.000972
65.3317,1.000598
65.3567,0.999524
65.3817,1.000085
65.4068,1.000202
65.4318,1.000565
65.4568,1.000607
65.4819,0.999765
65.5069,1.000254
65.5319,1.000479
65.5569,1.001078
65.582,1.000627
65.607,1.000678
65.632,1.000255
65.6571,1.00105
65.6821,1.00045
65.7071,0.999687
65.7322,1.001046
65.7572,1.000622
65.7822,0.999938
65.8073,0.999916
65.8323,1.000381
65.8573,1.000481
65.8824,1.000321
65.9074,1.000389
65.9324,1.001223
65.9574,1.000845
65.9825,1.000317
66.0075,1.000767
66.0325,0.999583
66.0576,1.000441
66.0826,1.001287
66.1076,1.000071
66.1327,0.999693
66.1577,0.99981
66.1827,0.999548
66.2078,0.99973
66.2328,0.999979
66.2578,0.999358
66.2829,1.00021
66.3079,1.000742
66.3329,0.999656
66.3579,1.001112
66.383,1.000507
66.408,1.000819
66.433,0.999806
66.4581,1.000713
66.4831,0.999545
66.5081,1.000735
66.5332,1.000303
66.5582,1.000532
66.5832,0.999495
66.6083,0.999663
66.6333,1.000559
66.6583,0.999631
66.6834,1.000478
66.7084,0.99938
66.7334,1.000709
66.7584,0.999461
66.7835,1.000531
66.8085,1.000575
66.8335,0.999782
66.8586,1.000549
66.8836,1.000356
66.9086,0.999877
66.9337,0.999595
66.9587,0.999022
66.9837,1.00041
67.0088,0.999261
67.0338,1.000257
67.0588,1.000042
67.0839,1.000608
67.1089,1.000019
67.1339,1.000002
67.1589,1.000639
67.184,1.000401
67.209,1.00039
67.234,1.000482
67.2591,0.999279
67.2841,1.000654
67.3091,1.000568
67.3342,0.999591
67.3592,1.000054
67.3842,1.000177
67.4093,1.00012
67.4343,1.000401
67.4593,1.00106
67.4844,1.00085
67.5094,0.999414
67.5344,1.000574
67.5594,1.000999
67.5845,1.000433
67.6095,1.000856
67.6345,1.001409
67.6596,1.000816
67.6846,1.000351
67.7096,1.000829
67.7347,1.000289
67.7597,1.000216
67.7847,0.999991
67.8098,1.00114
67.8348,0.999711
67.8598,1.001122
67.8849,1.000503
67.9099,0.999363
67.9349,1.000424
67.9599,0.998943
67.985,1.000579
68.01,1.000735
68.035,0.999848
68.0601,1.000278
68.0851,1.001376
68.1101,0.999901
68.1352,0.999569
68.1602,1.001093
68.1852,1.001382
68.2103,1.000207
68.2353,1.000812
68.2603,1.00101
68.2854,0.99976
68.3104,0.999914
68.3354,1.000944
68.3605,1.001217
68.3855,1.000544
68.4105,0.999678
68.4355,1.001399
68.4606,0.999888
68.4856,1.000006
68.5106,1.000412
68.5357,1.00114
68.5607,1.00072
68.5857,1.000457
68.6108,1.000486
68.6358,1.000234
68.6608,1.000543
68.6859,0.998691
68.7109,1.000031
68.7359,1.000354
68.761,0.999519
68.786,1.000441
68.811,1.000087
68.836,1.001263
68.8611,1.001154
68.8861,0.999931
68.9111,1.00012
68.9362,1.000167
68.9612,0.99994
68.9862,1.000329
69.0113,0.999757
69.0363,0.999534
69.0613,1.000586
69.0864,1.00059
69.1114,0.99973
69.1364,1.00075
69.1615,0.999835
69.1865,1.000366
69.2115,1.000706
69.2365,1.000194
69.2616,1.000488
69.2866,0.999905
69.3116,1.000097
69.3367,1.000092
69.3617,0.999768
69.3867,1.00011
69.4118,0.999287
69.4368,0.999922
69.4618,1.000046
69.4869,1.000064
69.5119,1.000073
69.5369,1.000181
69.562,1.000506
69.587,1.000743
69.612,0.999829
69.637,0.999498
69.6621,0.999595
69.6871,0.999928
69.7121,1.000009
69.7372,0.999759
69.7622,0.999443
69.7872,0.999948
69.8123,1.000331
69.8373,1.000579
69.8623,0.999888
69.8874,0.999975
69.9124,0.999667
69.9374,1.000205
69.9625,0.999715
69.9875,1.000568
70.0125,0.999153
70.0375,1.000009
70.0626,1.000406
70.0876,1.000336
70.1126,1.001842
70.1377,1.000436
70.1627,0.999624
70.1877,1.00017
70.2128,0.999162
70.2378,1.00018
70.2628,0.999729
70.2879,1.000778
70.3129,0.999899
70.3379,1.000159
70.363,0.999849
70.388,1.001274
70.413,1.000038
70.438,1.001331
70.4631,1.00072
70.4881,1.000521
70.5131,1.000454
70.5382,1.000469
70.5632,0.999077
70.5882,1.000066
70.6133,1.000741
70.6383,1.000205
70.6633,0.999392
70.6884,1.000204
70.7134,1.001258
70.7384,1.000984
70.7635,1.000199
70.7885,1.000808
70.8135,1.000017
70.8385,0.999215
70.8636,0.999683
70.8886,1.001176
70.9136,1.000074
70.9387,1.000093
70.9637,1.00006
70.9887,1.001383
71.0138,1.001216
71.0388,1.001572
71.0638,1.000146
71.0889,1.000419
71.1139,0.999332
71.1389,1.001129
71.164,0.999542
71.189,1.000374
71.214,0.999586
71.239,0.999891
71.2641,0.999742
71.2891,0.99988
71.3141,0.999922
71.3392,0.999917
71.3642,1.000746
71.3892,0.999584
71.4143,1.00038
71.4393,1.000979
71.4643,0.99994
71.4894,0.999818
71.5144,1.000111
71.5394,1.000957
71.5645,1.000366
71.5895,0.999932
71.6145,1.000541
71.6395,0.99959
71.6646,1.00066
71.6896,1.000497
71.7146,1.000068
71.7397,0.99975
71.7647,0.999721
71.7897,1.000575
71.8148,1.000992
71.8398,0.999872
71.8648,1.00053
71.8899,0.999003
71.9149,0.999905
71.9399,1.000238
71.965,0.999711
71.99,0.999695
72.015,0.999857
72.0401,1.000433
72.0651,1.000146
72.0901,0.998916
72.1151,0.998987
72.1402,0.999896
72.1652,1.000535
72.1902,0.998612
72.2153,0.999961
72.2403,0.999946
72.2653,1.001095
72.2904,1.000031
72.3154,1.000493
72.3404,1.000348
72.3655,0.998985
72.3905,1.000725
72.4155,1.000394
72.4406,1.00057
72.4656,1.002621
72.4906,0.999015
72.5156,1.001301
72.5407,1.000094
72.5657,1.000439
72.5907,1.00024
72.6158,1.000013
72.6408,0.999926
72.6658,1.000466
72.6909,0.999359
72.7159,1.00072
72.7409,1.00002
72.766,0.999592
72.791,1.000001
72.816,1.001025
72.8411,0.99995
72.8661,1.000487
72.8911,0.999834
72.9161,1.000728
72.9412,1.000685
72.9662,1.001383
72.9912,1.000169
73.0163,1.000676
73.0413,1.000334
73.0663,1.001053
73.0914,0.999844
73.1164,1.000723
73.1414,1.000159
73.1665,1.000238
73.1915,1.000332
73.2165,1.000429
73.2416,1.000208
73.2666,1.000407
73.2916,1.001225
73.3166,1.00087
73.3417,1.000801
73.3667,1.000006
73.3917,0.999746
73.4168,1.000854
73.4418,1.000806
73.4668,1.001165
73.4919,0.999919
73.5169,1.000144
73.5419,0.999298
73.567,1.000047
73.592,1.000881
73.617,1.000003
73.6421,1.000668
73.6671,1.00017
73.6921,1.000479
73.7171,0.999596
73.7422,1.000336
73.7672,0.998491
73.7922,1.000173
73.8173,0.999308
73.8423,1.00101
73.8673,1.000753
73.8924,1.000567
73.9174,1.0012
73.9424,0.999718
73.9675,1.001336
73.9925,1.000847
74.0175,1.000146
74.0426,1.00097
74.0676,0.999625
74.0926,0.999795
74.1176,0.999924
74.1427,0.999972
74.1677,0.999656
74.1927,1.001024
74.2178,1.000135
74.2428,1.000502
74.2678,0.999949
74.2929,0.999199
74.3179,1.000454
74.3429,0.999145
74.368,1.000251
74.393,0.999471
74.418,1.001485
74.4431,1.00084
74.4681,1.000357
74.4931,1.001052
74.5181,0.999786
74.5432,1.00062
74.5682,1.000414
74.5932,1.000453
74.6183,1.001058
74.6433,1.000734
74.6683,1.000468
74.6934,0.999302
74.7184,0.999719
74.7434,1.000222
74.7685,1.000352
74.7935,0.999618
74.8185,1.001743
74.8436,1.001206
74.8686,1.000658
74.8936,1.00034
74.9186,1.00017
74.9437,0.999726
74.9687,1.000344
74.9937,1.000452
75.0188,0.999552
75.0438,1.000498
75.0688,1.000205
75.0939,0.999153
75.1189,0.999782
75.1439,1.00005
75.169,1.001431
75.194,1.000632
75.219,0.999497
75.2441,1.00059
75.2691,0.99937
75.2941,1.000949
75.3191,1.000016
75.3442,1.000243
75.3692,1.001095
75.3942,0.999527
75.4193,0.999461
75.4443,0.999949
75.4693,1.000923
75.4944,0.999388
75.5194,0.9986
75.5444,1.000029
75.5695,1.000631
75.5945,1.00102
75.6195,1.000022
75.6446,1.000053
75.6696,1.000992
75.6946,0.999178
75.7196,1.000067
75.7447,1.000414
75.7697,1.00057
75.7947,0.999994
75.8198,1.000321
75.8448,0.998807
75.8698,0.999905
75.8949,1.000572
75.9199,0.999711
75.9449,1.000335
75.97,1.000568
75.995,1.000094
76.02,1.000402
76.0451,0.999722
76.0701,1.000176
76.0951,1.000666
76.1202,1.000394
76.1452,0.999948
76.1702,1.000434
76.1952,1.000728
76.2203,0.999069
76.2453,1.000995
76.2703,1.000097
76.2954,1.000554
76.3204,1.001017
76.3454,0.999476
76.3705,0.999873
76.3955,1.000125
76.4205,0.999828
76.4456,1.001339
76.4706,0.999784
76.4956,0.999965
76.5207,1.000421
76.5457,0.999576
76.5707,1.00006
76.5957,1.000488
76.6208,1.000097
76.6458,1.000241
76.6708,0.999979
76.6959,0.999388
76.7209,1.000489
76.7459,1.001349
76.771,1.000307
76.796,1.000431
76.821,1.000711
76.8461,0.999534
76.8711,1.001317
76.8961,1.000416
76.9212,1.001274
76.9462,0.999855
76.9712,1.001385
76.9962,1.000759
77.0213,1.000625
77.0463,1.000434
77.0713,1.000144
77.0964,1.001013
77.1214,1.000377
77.1464,0.999112
77.1715,0.999621
77.1965,1.00018
77.2215,1.000477
77.2466,1.000257
77.2716,1.001022
77.2966,0.999119
77.3217,1.000376
77.3467,0.999199
77.3717,1.000745
77.3967,1.000232
77.4218,1.00054
77.4468,0.99977
77.4718,1.001055
77.4969,1.000912
77.5219,1.000637
77.5469,1.000209
77.572,1.000634
77.597,0.999861
77.622,1.000798
77.6471,1.001274
77.6721,1.000927
77.6971,0.999846
77.7222,1.0005
77.7472,0.999507
77.7722,1.000626
77.7972,1.000552
77.8223,0.99916
77.8473,0.999584
77.8723,1.000111
77.8974,1.000099
77.9224,0.999554
77.9474,1.000512
77.9725,1.000429
77.9975,1.000161
78.0225,0.999824
78.0476,1.000906
78.0726,1.001269
78.0976,0.999986
78.1227,0.999908
78.1477,1.000569
78.1727,1.000059
78.1977,1.00019
78.2228,1.000717
78.2478,0.999127
78.2728,1.001063
78.2979,1.000315
78.3229,1.000023
78.3479,1.000216
78.373,1.000247
78.398,0.99923
78.423,1.001165
78.4481,1.000292
78.4731,1.000532
78.4981,1.000837
78.5232,0.999652
78.5482,1.000549
78.5732,1.000103
78.5982,1.000771
78.6233,0.998986
78.6483,1.000202
78.6733,0.999899
78.6984,1.00052
78.7234,1.000542
78.7484,0.999834
78.7735,0.999831
78.7985,1.000191
78.8235,0.999718
78.8486,1.000761
78.8736,1.000033
78.8986,0.99851
78.9237,1.000028
78.9487,0.999629
78.9737,0.999273
78.9987,0.999509
79.0238,1.000316
79.0488,1.001047
79.0738,1.000436
79.0989,0.999884
79.1239,1.00052
79.1489,0.99997
79.174,0.999828
79.199,0.999552
79.224,0.999192
79.2491,1.000009
79.2741,1.000336
79.2991,1.000183
79.3242,0.99999
79.3492,0.999671
79.3742,1.000603
79.3992,0.999447
79.4243,1.000702
79.4493,0.999634
79.4743,0.999783
79.4994,0.999353
79.5244,0.999931
79.5494,1.000817
79.5745,1.00054
79.5995,1.000816
79.6245,1.000542
79.6496,0.999565
79.6746,1.000028
79.6996,0.999757
79.7247,1.001023
79.7497,0.999505
79.7747,1.000759
79.7997,1.000757
79.8248,1.001318
79.8498,0.999973
79.8748,1.000646
79.8999,1.001586
79.9249,0.999845
79.9499,0.999294
79.975,0.999086
80.0,1.00064
